id,name,type_1,type_2,generation,hp,attack,defense,sp_atk,sp_def,speed,total,legendary,mythical
1,Bulbasaur,Grass,Poison,I,45,49,49,65,65,45,318,FALSE,FALSE
2,Ivysaur,Grass,Poison,I,60,62,63,80,80,60,405,FALSE,FALSE
3,Venusaur,Grass,Poison,I,80,82,83,100,100,80,525,FALSE,FALSE
4,Charmander,Fire,NA,I,39,52,43,60,50,65,309,FALSE,FALSE
5,Charmeleon,Fire,NA,I,58,64,58,80,65,80,405,FALSE,FALSE
6,Charizard,Fire,Flying,I,78,84,78,109,85,100,534,FALSE,FALSE
7,Squirtle,Water,NA,I,44,48,65,50,64,43,314,FALSE,FALSE
8,Wartortle,Water,NA,I,59,63,80,65,80,58,405,FALSE,FALSE
9,Blastoise,Water,NA,I,79,83,100,85,105,78,530,FALSE,FALSE
10,Caterpie,Bug,NA,I,45,30,35,20,20,45,195,FALSE,FALSE
11,Metapod,Bug,NA,I,50,20,55,25,25,30,205,FALSE,FALSE
12,Butterfree,Bug,Flying,I,60,45,50,90,80,70,395,FALSE,FALSE
13,Weedle,Bug,Poison,I,40,35,30,20,20,50,195,FALSE,FALSE
14,Kakuna,Bug,Poison,I,45,25,50,25,25,35,205,FALSE,FALSE
15,Beedrill,Bug,Poison,I,65,90,40,45,80,75,395,FALSE,FALSE
16,Pidgey,Normal,Flying,I,40,45,40,35,35,56,251,FALSE,FALSE
17,Pidgeotto,Normal,Flying,I,63,60,55,50,50,71,349,FALSE,FALSE
18,Pidgeot,Normal,Flying,I,83,80,75,70,70,101,479,FALSE,FALSE
19,Rattata,Normal,NA,I,30,56,35,25,35,72,253,FALSE,FALSE
20,Raticate,Normal,NA,I,55,81,60,50,70,97,413,FALSE,FALSE
21,Spearow,Normal,Flying,I,40,60,30,31,31,70,262,FALSE,FALSE
22,Fearow,Normal,Flying,I,65,90,65,61,61,100,442,FALSE,FALSE
23,Ekans,Poison,NA,I,35,60,44,40,54,55,288,FALSE,FALSE
24,Arbok,Poison,NA,I,60,95,69,65,79,80,448,FALSE,FALSE
25,Pikachu,Electric,NA,I,35,55,40,50,50,90,320,FALSE,FALSE
26,Raichu,Electric,NA,I,60,90,55,90,80,110,485,FALSE,FALSE
27,Sandshrew,Ground,NA,I,50,75,85,20,30,40,300,FALSE,FALSE
28,Sandslash,Ground,NA,I,75,100,110,45,55,65,450,FALSE,FALSE
29,Nidoran-F,Poison,NA,I,55,47,52,40,40,41,275,FALSE,FALSE
30,Nidorina,Poison,NA,I,70,62,67,55,55,56,365,FALSE,FALSE
31,Nidoqueen,Poison,Ground,I,90,92,87,75,85,76,505,FALSE,FALSE
32,Nidoran-M,Poison,NA,I,46,57,40,40,40,50,273,FALSE,FALSE
33,Nidorino,Poison,NA,I,61,72,57,55,55,65,365,FALSE,FALSE
34,Nidoking,Poison,Ground,I,81,102,77,85,75,85,505,FALSE,FALSE
35,Clefairy,Fairy,NA,I,70,45,48,60,65,35,323,FALSE,FALSE
36,Clefable,Fairy,NA,I,95,70,73,95,90,60,483,FALSE,FALSE
37,Vulpix,Fire,NA,I,38,41,40,50,65,65,299,FALSE,FALSE
38,Ninetales,Fire,NA,I,73,76,75,81,100,100,505,FALSE,FALSE
39,Jigglypuff,Normal,Fairy,I,115,45,20,45,25,20,270,FALSE,FALSE
40,Wigglytuff,Normal,Fairy,I,140,70,45,85,50,45,435,FALSE,FALSE
41,Zubat,Poison,Flying,I,40,45,35,30,40,55,245,FALSE,FALSE
42,Golbat,Poison,Flying,I,75,80,70,65,75,90,455,FALSE,FALSE
43,Oddish,Grass,Poison,I,45,50,55,75,65,30,320,FALSE,FALSE
44,Gloom,Grass,Poison,I,60,65,70,85,75,40,395,FALSE,FALSE
45,Vileplume,Grass,Poison,I,75,80,85,110,90,50,490,FALSE,FALSE
46,Paras,Bug,Grass,I,35,70,55,45,55,25,285,FALSE,FALSE
47,Parasect,Bug,Grass,I,60,95,80,60,80,30,405,FALSE,FALSE
48,Venonat,Bug,Poison,I,60,55,50,40,55,45,305,FALSE,FALSE
49,Venomoth,Bug,Poison,I,70,65,60,90,75,90,450,FALSE,FALSE
50,Diglett,Ground,NA,I,10,55,25,35,45,95,265,FALSE,FALSE
51,Dugtrio,Ground,NA,I,35,100,50,50,70,120,425,FALSE,FALSE
52,Meowth,Normal,NA,I,40,45,35,40,40,90,290,FALSE,FALSE
53,Persian,Normal,NA,I,65,70,60,65,65,115,440,FALSE,FALSE
54,Psyduck,Water,NA,I,50,52,48,65,50,55,320,FALSE,FALSE
55,Golduck,Water,NA,I,80,82,78,95,80,85,500,FALSE,FALSE
56,Mankey,Fighting,NA,I,40,80,35,35,45,70,305,FALSE,FALSE
57,Primeape,Fighting,NA,I,65,105,60,60,70,95,455,FALSE,FALSE
58,Growlithe,Fire,NA,I,55,70,45,70,50,60,350,FALSE,FALSE
59,Arcanine,Fire,NA,I,90,110,80,100,80,95,555,FALSE,FALSE
60,Poliwag,Water,NA,I,40,50,40,40,40,90,300,FALSE,FALSE
61,Poliwhirl,Water,NA,I,65,65,65,50,50,90,385,FALSE,FALSE
62,Poliwrath,Water,Fighting,I,90,95,95,70,90,70,510,FALSE,FALSE
63,Abra,Psychic,NA,I,25,20,15,105,55,90,310,FALSE,FALSE
64,Kadabra,Psychic,NA,I,40,35,30,120,70,105,400,FALSE,FALSE
65,Alakazam,Psychic,NA,I,55,50,45,135,95,120,500,FALSE,FALSE
66,Machop,Fighting,NA,I,70,80,50,35,35,35,305,FALSE,FALSE
67,Machoke,Fighting,NA,I,80,100,70,50,60,45,405,FALSE,FALSE
68,Machamp,Fighting,NA,I,90,130,80,65,85,55,505,FALSE,FALSE
69,Bellsprout,Grass,Poison,I,50,75,35,70,30,40,300,FALSE,FALSE
70,Weepinbell,Grass,Poison,I,65,90,50,85,45,55,390,FALSE,FALSE
71,Victreebel,Grass,Poison,I,80,105,65,100,70,70,490,FALSE,FALSE
72,Tentacool,Water,Poison,I,40,40,35,50,100,70,335,FALSE,FALSE
73,Tentacruel,Water,Poison,I,80,70,65,80,120,100,515,FALSE,FALSE
74,Geodude,Rock,Ground,I,40,80,100,30,30,20,300,FALSE,FALSE
75,Graveler,Rock,Ground,I,55,95,115,45,45,35,390,FALSE,FALSE
76,Golem,Rock,Ground,I,80,120,130,55,65,45,495,FALSE,FALSE
77,Ponyta,Fire,NA,I,50,85,55,65,65,90,410,FALSE,FALSE
78,Rapidash,Fire,NA,I,65,100,70,80,80,105,500,FALSE,FALSE
79,Slowpoke,Water,Psychic,I,90,65,65,40,40,15,315,FALSE,FALSE
80,Slowbro,Water,Psychic,I,95,75,110,100,80,30,490,FALSE,FALSE
81,Magnemite,Electric,Steel,I,25,35,70,95,55,45,325,FALSE,FALSE
82,Magneton,Electric,Steel,I,50,60,95,120,70,70,465,FALSE,FALSE
83,Farfetchd,Normal,Flying,I,52,90,55,58,62,60,377,FALSE,FALSE
84,Doduo,Normal,Flying,I,35,85,45,35,35,75,310,FALSE,FALSE
85,Dodrio,Normal,Flying,I,60,110,70,60,60,110,470,FALSE,FALSE
86,Seel,Water,NA,I,65,45,55,45,70,45,325,FALSE,FALSE
87,Dewgong,Water,Ice,I,90,70,80,70,95,70,475,FALSE,FALSE
88,Grimer,Poison,NA,I,80,80,50,40,50,25,325,FALSE,FALSE
89,Muk,Poison,NA,I,105,105,75,65,100,50,500,FALSE,FALSE
90,Shellder,Water,NA,I,30,65,100,45,25,40,305,FALSE,FALSE
91,Cloyster,Water,Ice,I,50,95,180,85,45,70,525,FALSE,FALSE
92,Gastly,Ghost,Poison,I,30,35,30,100,35,80,310,FALSE,FALSE
93,Haunter,Ghost,Poison,I,45,50,45,115,55,95,405,FALSE,FALSE
94,Gengar,Ghost,Poison,I,60,65,60,130,75,110,500,FALSE,FALSE
95,Onix,Rock,Ground,I,35,45,160,30,45,70,385,FALSE,FALSE
96,Drowzee,Psychic,NA,I,60,48,45,43,90,42,328,FALSE,FALSE
97,Hypno,Psychic,NA,I,85,73,70,73,115,67,483,FALSE,FALSE
98,Krabby,Water,NA,I,30,105,90,25,25,50,325,FALSE,FALSE
99,Kingler,Water,NA,I,55,130,115,50,50,75,475,FALSE,FALSE
100,Voltorb,Electric,NA,I,40,30,50,55,55,100,330,FALSE,FALSE
101,Electrode,Electric,NA,I,60,50,70,80,80,150,490,FALSE,FALSE
102,Exeggcute,Grass,Psychic,I,60,40,80,60,45,40,325,FALSE,FALSE
103,Exeggutor,Grass,Psychic,I,95,95,85,125,75,55,530,FALSE,FALSE
104,Cubone,Ground,NA,I,50,50,95,40,50,35,320,FALSE,FALSE
105,Marowak,Ground,NA,I,60,80,110,50,80,45,425,FALSE,FALSE
106,Hitmonlee,Fighting,NA,I,50,120,53,35,110,87,455,FALSE,FALSE
107,Hitmonchan,Fighting,NA,I,50,105,79,35,110,76,455,FALSE,FALSE
108,Lickitung,Normal,NA,I,90,55,75,60,75,30,385,FALSE,FALSE
109,Koffing,Poison,NA,I,40,65,95,60,45,35,340,FALSE,FALSE
110,Weezing,Poison,NA,I,65,90,120,85,70,60,490,FALSE,FALSE
111,Rhyhorn,Ground,Rock,I,80,85,95,30,30,25,345,FALSE,FALSE
112,Rhydon,Ground,Rock,I,105,130,120,45,45,40,485,FALSE,FALSE
113,Chansey,Normal,NA,I,250,5,5,35,105,50,450,FALSE,FALSE
114,Tangela,Grass,NA,I,65,55,115,100,40,60,435,FALSE,FALSE
115,Kangaskhan,Normal,NA,I,105,95,80,40,80,90,490,FALSE,FALSE
116,Horsea,Water,NA,I,30,40,70,70,25,60,295,FALSE,FALSE
117,Seadra,Water,NA,I,55,65,95,95,45,85,440,FALSE,FALSE
118,Goldeen,Water,NA,I,45,67,60,35,50,63,320,FALSE,FALSE
119,Seaking,Water,NA,I,80,92,65,65,80,68,450,FALSE,FALSE
120,Staryu,Water,NA,I,30,45,55,70,55,85,340,FALSE,FALSE
121,Starmie,Water,Psychic,I,60,75,85,100,85,115,520,FALSE,FALSE
122,Mr-Mime,Psychic,Fairy,I,40,45,65,100,120,90,460,FALSE,FALSE
123,Scyther,Bug,Flying,I,70,110,80,55,80,105,500,FALSE,FALSE
124,Jynx,Ice,Psychic,I,65,50,35,115,95,95,455,FALSE,FALSE
125,Electabuzz,Electric,NA,I,65,83,57,95,85,105,490,FALSE,FALSE
126,Magmar,Fire,NA,I,65,95,57,100,85,93,495,FALSE,FALSE
127,Pinsir,Bug,NA,I,65,125,100,55,70,85,500,FALSE,FALSE
128,Tauros,Normal,NA,I,75,100,95,40,70,110,490,FALSE,FALSE
129,Magikarp,Water,NA,I,20,10,55,15,20,80,200,FALSE,FALSE
130,Gyarados,Water,Flying,I,95,125,79,60,100,81,540,FALSE,FALSE
131,Lapras,Water,Ice,I,130,85,80,85,95,60,535,FALSE,FALSE
132,Ditto,Normal,NA,I,48,48,48,48,48,48,288,FALSE,FALSE
133,Eevee,Normal,NA,I,55,55,50,45,65,55,325,FALSE,FALSE
134,Vaporeon,Water,NA,I,130,65,60,110,95,65,525,FALSE,FALSE
135,Jolteon,Electric,NA,I,65,65,60,110,95,130,525,FALSE,FALSE
136,Flareon,Fire,NA,I,65,130,60,95,110,65,525,FALSE,FALSE
137,Porygon,Normal,NA,I,65,60,70,85,75,40,395,FALSE,FALSE
138,Omanyte,Rock,Water,I,35,40,100,90,55,35,355,FALSE,FALSE
139,Omastar,Rock,Water,I,70,60,125,115,70,55,495,FALSE,FALSE
140,Kabuto,Rock,Water,I,30,80,90,55,45,55,355,FALSE,FALSE
141,Kabutops,Rock,Water,I,60,115,105,65,70,80,495,FALSE,FALSE
142,Aerodactyl,Rock,Flying,I,80,105,65,60,75,130,515,FALSE,FALSE
143,Snorlax,Normal,NA,I,160,110,65,65,110,30,540,FALSE,FALSE
144,Articuno,Ice,Flying,I,90,85,100,95,125,85,580,TRUE,FALSE
145,Zapdos,Electric,Flying,I,90,90,85,125,90,100,580,TRUE,FALSE
146,Moltres,Fire,Flying,I,90,100,90,125,85,90,580,TRUE,FALSE
147,Dratini,Dragon,NA,I,41,64,45,50,50,50,300,FALSE,FALSE
148,Dragonair,Dragon,NA,I,61,84,65,70,70,70,420,FALSE,FALSE
149,Dragonite,Dragon,Flying,I,91,134,95,100,100,80,600,FALSE,FALSE
150,Mewtwo,Psychic,NA,I,106,110,90,154,90,130,680,TRUE,FALSE
151,Mew,Psychic,NA,I,100,100,100,100,100,100,600,FALSE,TRUE
152,Chikorita,Grass,NA,II,45,49,65,49,65,45,318,FALSE,FALSE
153,Bayleef,Grass,NA,II,60,62,80,63,80,60,405,FALSE,FALSE
154,Meganium,Grass,NA,II,80,82,100,83,100,80,525,FALSE,FALSE
155,Cyndaquil,Fire,NA,II,39,52,43,60,50,65,309,FALSE,FALSE
156,Quilava,Fire,NA,II,58,64,58,80,65,80,405,FALSE,FALSE
157,Typhlosion,Fire,NA,II,78,84,78,109,85,100,534,FALSE,FALSE
158,Totodile,Water,NA,II,50,65,64,44,48,43,314,FALSE,FALSE
159,Croconaw,Water,NA,II,65,80,80,59,63,58,405,FALSE,FALSE
160,Feraligatr,Water,NA,II,85,105,100,79,83,78,530,FALSE,FALSE
161,Sentret,Normal,NA,II,35,46,34,35,45,20,215,FALSE,FALSE
162,Furret,Normal,NA,II,85,76,64,45,55,90,415,FALSE,FALSE
163,Hoothoot,Normal,Flying,II,60,30,30,36,56,50,262,FALSE,FALSE
164,Noctowl,Normal,Flying,II,100,50,50,86,96,70,452,FALSE,FALSE
165,Ledyba,Bug,Flying,II,40,20,30,40,80,55,265,FALSE,FALSE
166,Ledian,Bug,Flying,II,55,35,50,55,110,85,390,FALSE,FALSE
167,Spinarak,Bug,Poison,II,40,60,40,40,40,30,250,FALSE,FALSE
168,Ariados,Bug,Poison,II,70,90,70,60,70,40,400,FALSE,FALSE
169,Crobat,Poison,Flying,II,85,90,80,70,80,130,535,FALSE,FALSE
170,Chinchou,Water,Electric,II,75,38,38,56,56,67,330,FALSE,FALSE
171,Lanturn,Water,Electric,II,125,58,58,76,76,67,460,FALSE,FALSE
172,Pichu,Electric,NA,II,20,40,15,35,35,60,205,FALSE,FALSE
173,Cleffa,Fairy,NA,II,50,25,28,45,55,15,218,FALSE,FALSE
174,Igglybuff,Normal,Fairy,II,90,30,15,40,20,15,210,FALSE,FALSE
175,Togepi,Fairy,NA,II,35,20,65,40,65,20,245,FALSE,FALSE
176,Togetic,Fairy,Flying,II,55,40,85,80,105,40,405,FALSE,FALSE
177,Natu,Psychic,Flying,II,40,50,45,70,45,70,320,FALSE,FALSE
178,Xatu,Psychic,Flying,II,65,75,70,95,70,95,470,FALSE,FALSE
179,Mareep,Electric,NA,II,55,40,40,65,45,35,280,FALSE,FALSE
180,Flaaffy,Electric,NA,II,70,55,55,80,60,45,365,FALSE,FALSE
181,Ampharos,Electric,NA,II,90,75,85,115,90,55,510,FALSE,FALSE
182,Bellossom,Grass,NA,II,75,80,95,90,100,50,490,FALSE,FALSE
183,Marill,Water,Fairy,II,70,20,50,20,50,40,250,FALSE,FALSE
184,Azumarill,Water,Fairy,II,100,50,80,60,80,50,420,FALSE,FALSE
185,Sudowoodo,Rock,NA,II,70,100,115,30,65,30,410,FALSE,FALSE
186,Politoed,Water,NA,II,90,75,75,90,100,70,500,FALSE,FALSE
187,Hoppip,Grass,Flying,II,35,35,40,35,55,50,250,FALSE,FALSE
188,Skiploom,Grass,Flying,II,55,45,50,45,65,80,340,FALSE,FALSE
189,Jumpluff,Grass,Flying,II,75,55,70,55,95,110,460,FALSE,FALSE
190,Aipom,Normal,NA,II,55,70,55,40,55,85,360,FALSE,FALSE
191,Sunkern,Grass,NA,II,30,30,30,30,30,30,180,FALSE,FALSE
192,Sunflora,Grass,NA,II,75,75,55,105,85,30,425,FALSE,FALSE
193,Yanma,Bug,Flying,II,65,65,45,75,45,95,390,FALSE,FALSE
194,Wooper,Water,Ground,II,55,45,45,25,25,15,210,FALSE,FALSE
195,Quagsire,Water,Ground,II,95,85,85,65,65,35,430,FALSE,FALSE
196,Espeon,Psychic,NA,II,65,65,60,130,95,110,525,FALSE,FALSE
197,Umbreon,Dark,NA,II,95,65,110,60,130,65,525,FALSE,FALSE
198,Murkrow,Dark,Flying,II,60,85,42,85,42,91,405,FALSE,FALSE
199,Slowking,Water,Psychic,II,95,75,80,100,110,30,490,FALSE,FALSE
200,Misdreavus,Ghost,NA,II,60,60,60,85,85,85,435,FALSE,FALSE
201,Unown,Psychic,NA,II,48,72,48,72,48,48,336,FALSE,FALSE
202,Wobbuffet,Psychic,NA,II,190,33,58,33,58,33,405,FALSE,FALSE
203,Girafarig,Normal,Psychic,II,70,80,65,90,65,85,455,FALSE,FALSE
204,Pineco,Bug,NA,II,50,65,90,35,35,15,290,FALSE,FALSE
205,Forretress,Bug,Steel,II,75,90,140,60,60,40,465,FALSE,FALSE
206,Dunsparce,Normal,NA,II,100,70,70,65,65,45,415,FALSE,FALSE
207,Gligar,Ground,Flying,II,65,75,105,35,65,85,430,FALSE,FALSE
208,Steelix,Steel,Ground,II,75,85,200,55,65,30,510,FALSE,FALSE
209,Snubbull,Fairy,NA,II,60,80,50,40,40,30,300,FALSE,FALSE
210,Granbull,Fairy,NA,II,90,120,75,60,60,45,450,FALSE,FALSE
211,Qwilfish,Water,Poison,II,65,95,85,55,55,85,440,FALSE,FALSE
212,Scizor,Bug,Steel,II,70,130,100,55,80,65,500,FALSE,FALSE
213,Shuckle,Bug,Rock,II,20,10,230,10,230,5,505,FALSE,FALSE
214,Heracross,Bug,Fighting,II,80,125,75,40,95,85,500,FALSE,FALSE
215,Sneasel,Dark,Ice,II,55,95,55,35,75,115,430,FALSE,FALSE
216,Teddiursa,Normal,NA,II,60,80,50,50,50,40,330,FALSE,FALSE
217,Ursaring,Normal,NA,II,90,130,75,75,75,55,500,FALSE,FALSE
218,Slugma,Fire,NA,II,40,40,40,70,40,20,250,FALSE,FALSE
219,Magcargo,Fire,Rock,II,60,50,120,90,80,30,430,FALSE,FALSE
220,Swinub,Ice,Ground,II,50,50,40,30,30,50,250,FALSE,FALSE
221,Piloswine,Ice,Ground,II,100,100,80,60,60,50,450,FALSE,FALSE
222,Corsola,Water,Rock,II,65,55,95,65,95,35,410,FALSE,FALSE
223,Remoraid,Water,NA,II,35,65,35,65,35,65,300,FALSE,FALSE
224,Octillery,Water,NA,II,75,105,75,105,75,45,480,FALSE,FALSE
225,Delibird,Ice,Flying,II,45,55,45,65,45,75,330,FALSE,FALSE
226,Mantine,Water,Flying,II,85,40,70,80,140,70,485,FALSE,FALSE
227,Skarmory,Steel,Flying,II,65,80,140,40,70,70,465,FALSE,FALSE
228,Houndour,Dark,Fire,II,45,60,30,80,50,65,330,FALSE,FALSE
229,Houndoom,Dark,Fire,II,75,90,50,110,80,95,500,FALSE,FALSE
230,Kingdra,Water,Dragon,II,75,95,95,95,95,85,540,FALSE,FALSE
231,Phanpy,Ground,NA,II,90,60,60,40,40,40,330,FALSE,FALSE
232,Donphan,Ground,NA,II,90,120,120,60,60,50,500,FALSE,FALSE
233,Porygon2,Normal,NA,II,85,80,90,105,95,60,515,FALSE,FALSE
234,Stantler,Normal,NA,II,73,95,62,85,65,85,465,FALSE,FALSE
235,Smeargle,Normal,NA,II,55,20,35,20,45,75,250,FALSE,FALSE
236,Tyrogue,Fighting,NA,II,35,35,35,35,35,35,210,FALSE,FALSE
237,Hitmontop,Fighting,NA,II,50,95,95,35,110,70,455,FALSE,FALSE
238,Smoochum,Ice,Psychic,II,45,30,15,85,65,65,305,FALSE,FALSE
239,Elekid,Electric,NA,II,45,63,37,65,55,95,360,FALSE,FALSE
240,Magby,Fire,NA,II,45,75,37,70,55,83,365,FALSE,FALSE
241,Miltank,Normal,NA,II,95,80,105,40,70,100,490,FALSE,FALSE
242,Blissey,Normal,NA,II,255,10,10,75,135,55,540,FALSE,FALSE
243,Raikou,Electric,NA,II,90,85,75,115,100,115,580,TRUE,FALSE
244,Entei,Fire,NA,II,115,115,85,90,75,100,580,TRUE,FALSE
245,Suicune,Water,NA,II,100,75,115,90,115,85,580,TRUE,FALSE
246,Larvitar,Rock,Ground,II,50,64,50,45,50,41,300,FALSE,FALSE
247,Pupitar,Rock,Ground,II,70,84,70,65,70,51,410,FALSE,FALSE
248,Tyranitar,Rock,Dark,II,100,134,110,95,100,61,600,FALSE,FALSE
249,Lugia,Psychic,Flying,II,106,90,130,90,154,110,680,TRUE,FALSE
250,Ho-Oh,Fire,Flying,II,106,130,90,110,154,90,680,TRUE,FALSE
251,Celebi,Psychic,Grass,II,100,100,100,100,100,100,600,FALSE,TRUE
252,Treecko,Grass,NA,III,40,45,35,65,55,70,310,FALSE,FALSE
253,Grovyle,Grass,NA,III,50,65,45,85,65,95,405,FALSE,FALSE
254,Sceptile,Grass,NA,III,70,85,65,105,85,120,530,FALSE,FALSE
255,Torchic,Fire,NA,III,45,60,40,70,50,45,310,FALSE,FALSE
256,Combusken,Fire,Fighting,III,60,85,60,85,60,55,405,FALSE,FALSE
257,Blaziken,Fire,Fighting,III,80,120,70,110,70,80,530,FALSE,FALSE
258,Mudkip,Water,NA,III,50,70,50,50,50,40,310,FALSE,FALSE
259,Marshtomp,Water,Ground,III,70,85,70,60,70,50,405,FALSE,FALSE
260,Swampert,Water,Ground,III,100,110,90,85,90,60,535,FALSE,FALSE
261,Poochyena,Dark,NA,III,35,55,35,30,30,35,220,FALSE,FALSE
262,Mightyena,Dark,NA,III,70,90,70,60,60,70,420,FALSE,FALSE
263,Zigzagoon,Normal,NA,III,38,30,41,30,41,60,240,FALSE,FALSE
264,Linoone,Normal,NA,III,78,70,61,50,61,100,420,FALSE,FALSE
265,Wurmple,Bug,NA,III,45,45,35,20,30,20,195,FALSE,FALSE
266,Silcoon,Bug,NA,III,50,35,55,25,25,15,205,FALSE,FALSE
267,Beautifly,Bug,Flying,III,60,70,50,100,50,65,395,FALSE,FALSE
268,Cascoon,Bug,NA,III,50,35,55,25,25,15,205,FALSE,FALSE
269,Dustox,Bug,Poison,III,60,50,70,50,90,65,385,FALSE,FALSE
270,Lotad,Water,Grass,III,40,30,30,40,50,30,220,FALSE,FALSE
271,Lombre,Water,Grass,III,60,50,50,60,70,50,340,FALSE,FALSE
272,Ludicolo,Water,Grass,III,80,70,70,90,100,70,480,FALSE,FALSE
273,Seedot,Grass,NA,III,40,40,50,30,30,30,220,FALSE,FALSE
274,Nuzleaf,Grass,Dark,III,70,70,40,60,40,60,340,FALSE,FALSE
275,Shiftry,Grass,Dark,III,90,100,60,90,60,80,480,FALSE,FALSE
276,Taillow,Normal,Flying,III,40,55,30,30,30,85,270,FALSE,FALSE
277,Swellow,Normal,Flying,III,60,85,60,75,50,125,455,FALSE,FALSE
278,Wingull,Water,Flying,III,40,30,30,55,30,85,270,FALSE,FALSE
279,Pelipper,Water,Flying,III,60,50,100,95,70,65,440,FALSE,FALSE
280,Ralts,Psychic,Fairy,III,28,25,25,45,35,40,198,FALSE,FALSE
281,Kirlia,Psychic,Fairy,III,38,35,35,65,55,50,278,FALSE,FALSE
282,Gardevoir,Psychic,Fairy,III,68,65,65,125,115,80,518,FALSE,FALSE
283,Surskit,Bug,Water,III,40,30,32,50,52,65,269,FALSE,FALSE
284,Masquerain,Bug,Flying,III,70,60,62,100,82,80,454,FALSE,FALSE
285,Shroomish,Grass,NA,III,60,40,60,40,60,35,295,FALSE,FALSE
286,Breloom,Grass,Fighting,III,60,130,80,60,60,70,460,FALSE,FALSE
287,Slakoth,Normal,NA,III,60,60,60,35,35,30,280,FALSE,FALSE
288,Vigoroth,Normal,NA,III,80,80,80,55,55,90,440,FALSE,FALSE
289,Slaking,Normal,NA,III,150,160,100,95,65,100,670,FALSE,FALSE
290,Nincada,Bug,Ground,III,31,45,90,30,30,40,266,FALSE,FALSE
291,Ninjask,Bug,Flying,III,61,90,45,50,50,160,456,FALSE,FALSE
292,Shedinja,Bug,Ghost,III,1,90,45,30,30,40,236,FALSE,FALSE
293,Whismur,Normal,NA,III,64,51,23,51,23,28,240,FALSE,FALSE
294,Loudred,Normal,NA,III,84,71,43,71,43,48,360,FALSE,FALSE
295,Exploud,Normal,NA,III,104,91,63,91,73,68,490,FALSE,FALSE
296,Makuhita,Fighting,NA,III,72,60,30,20,30,25,237,FALSE,FALSE
297,Hariyama,Fighting,NA,III,144,120,60,40,60,50,474,FALSE,FALSE
298,Azurill,Normal,Fairy,III,50,20,40,20,40,20,190,FALSE,FALSE
299,Nosepass,Rock,NA,III,30,45,135,45,90,30,375,FALSE,FALSE
300,Skitty,Normal,NA,III,50,45,45,35,35,50,260,FALSE,FALSE
301,Delcatty,Normal,NA,III,70,65,65,55,55,90,400,FALSE,FALSE
302,Sableye,Dark,Ghost,III,50,75,75,65,65,50,380,FALSE,FALSE
303,Mawile,Steel,Fairy,III,50,85,85,55,55,50,380,FALSE,FALSE
304,Aron,Steel,Rock,III,50,70,100,40,40,30,330,FALSE,FALSE
305,Lairon,Steel,Rock,III,60,90,140,50,50,40,430,FALSE,FALSE
306,Aggron,Steel,Rock,III,70,110,180,60,60,50,530,FALSE,FALSE
307,Meditite,Fighting,Psychic,III,30,40,55,40,55,60,280,FALSE,FALSE
308,Medicham,Fighting,Psychic,III,60,60,75,60,75,80,410,FALSE,FALSE
309,Electrike,Electric,NA,III,40,45,40,65,40,65,295,FALSE,FALSE
310,Manectric,Electric,NA,III,70,75,60,105,60,105,475,FALSE,FALSE
311,Plusle,Electric,NA,III,60,50,40,85,75,95,405,FALSE,FALSE
312,Minun,Electric,NA,III,60,40,50,75,85,95,405,FALSE,FALSE
313,Volbeat,Bug,NA,III,65,73,75,47,85,85,430,FALSE,FALSE
314,Illumise,Bug,NA,III,65,47,75,73,85,85,430,FALSE,FALSE
315,Roselia,Grass,Poison,III,50,60,45,100,80,65,400,FALSE,FALSE
316,Gulpin,Poison,NA,III,70,43,53,43,53,40,302,FALSE,FALSE
317,Swalot,Poison,NA,III,100,73,83,73,83,55,467,FALSE,FALSE
318,Carvanha,Water,Dark,III,45,90,20,65,20,65,305,FALSE,FALSE
319,Sharpedo,Water,Dark,III,70,120,40,95,40,95,460,FALSE,FALSE
320,Wailmer,Water,NA,III,130,70,35,70,35,60,400,FALSE,FALSE
321,Wailord,Water,NA,III,170,90,45,90,45,60,500,FALSE,FALSE
322,Numel,Fire,Ground,III,60,60,40,65,45,35,305,FALSE,FALSE
323,Camerupt,Fire,Ground,III,70,100,70,105,75,40,460,FALSE,FALSE
324,Torkoal,Fire,NA,III,70,85,140,85,70,20,470,FALSE,FALSE
325,Spoink,Psychic,NA,III,60,25,35,70,80,60,330,FALSE,FALSE
326,Grumpig,Psychic,NA,III,80,45,65,90,110,80,470,FALSE,FALSE
327,Spinda,Normal,NA,III,60,60,60,60,60,60,360,FALSE,FALSE
328,Trapinch,Ground,NA,III,45,100,45,45,45,10,290,FALSE,FALSE
329,Vibrava,Ground,Dragon,III,50,70,50,50,50,70,340,FALSE,FALSE
330,Flygon,Ground,Dragon,III,80,100,80,80,80,100,520,FALSE,FALSE
331,Cacnea,Grass,NA,III,50,85,40,85,40,35,335,FALSE,FALSE
332,Cacturne,Grass,Dark,III,70,115,60,115,60,55,475,FALSE,FALSE
333,Swablu,Normal,Flying,III,45,40,60,40,75,50,310,FALSE,FALSE
334,Altaria,Dragon,Flying,III,75,70,90,70,105,80,490,FALSE,FALSE
335,Zangoose,Normal,NA,III,73,115,60,60,60,90,458,FALSE,FALSE
336,Seviper,Poison,NA,III,73,100,60,100,60,65,458,FALSE,FALSE
337,Lunatone,Rock,Psychic,III,90,55,65,95,85,70,460,FALSE,FALSE
338,Solrock,Rock,Psychic,III,90,95,85,55,65,70,460,FALSE,FALSE
339,Barboach,Water,Ground,III,50,48,43,46,41,60,288,FALSE,FALSE
340,Whiscash,Water,Ground,III,110,78,73,76,71,60,468,FALSE,FALSE
341,Corphish,Water,NA,III,43,80,65,50,35,35,308,FALSE,FALSE
342,Crawdaunt,Water,Dark,III,63,120,85,90,55,55,468,FALSE,FALSE
343,Baltoy,Ground,Psychic,III,40,40,55,40,70,55,300,FALSE,FALSE
344,Claydol,Ground,Psychic,III,60,70,105,70,120,75,500,FALSE,FALSE
345,Lileep,Rock,Grass,III,66,41,77,61,87,23,355,FALSE,FALSE
346,Cradily,Rock,Grass,III,86,81,97,81,107,43,495,FALSE,FALSE
347,Anorith,Rock,Bug,III,45,95,50,40,50,75,355,FALSE,FALSE
348,Armaldo,Rock,Bug,III,75,125,100,70,80,45,495,FALSE,FALSE
349,Feebas,Water,NA,III,20,15,20,10,55,80,200,FALSE,FALSE
350,Milotic,Water,NA,III,95,60,79,100,125,81,540,FALSE,FALSE
351,Castform,Normal,NA,III,70,70,70,70,70,70,420,FALSE,FALSE
352,Kecleon,Normal,NA,III,60,90,70,60,120,40,440,FALSE,FALSE
353,Shuppet,Ghost,NA,III,44,75,35,63,33,45,295,FALSE,FALSE
354,Banette,Ghost,NA,III,64,115,65,83,63,65,455,FALSE,FALSE
355,Duskull,Ghost,NA,III,20,40,90,30,90,25,295,FALSE,FALSE
356,Dusclops,Ghost,NA,III,40,70,130,60,130,25,455,FALSE,FALSE
357,Tropius,Grass,Flying,III,99,68,83,72,87,51,460,FALSE,FALSE
358,Chimecho,Psychic,NA,III,75,50,80,95,90,65,455,FALSE,FALSE
359,Absol,Dark,NA,III,65,130,60,75,60,75,465,FALSE,FALSE
360,Wynaut,Psychic,NA,III,95,23,48,23,48,23,260,FALSE,FALSE
361,Snorunt,Ice,NA,III,50,50,50,50,50,50,300,FALSE,FALSE
362,Glalie,Ice,NA,III,80,80,80,80,80,80,480,FALSE,FALSE
363,Spheal,Ice,Water,III,70,40,50,55,50,25,290,FALSE,FALSE
364,Sealeo,Ice,Water,III,90,60,70,75,70,45,410,FALSE,FALSE
365,Walrein,Ice,Water,III,110,80,90,95,90,65,530,FALSE,FALSE
366,Clamperl,Water,NA,III,35,64,85,74,55,32,345,FALSE,FALSE
367,Huntail,Water,NA,III,55,104,105,94,75,52,485,FALSE,FALSE
368,Gorebyss,Water,NA,III,55,84,105,114,75,52,485,FALSE,FALSE
369,Relicanth,Water,Rock,III,100,90,130,45,65,55,485,FALSE,FALSE
370,Luvdisc,Water,NA,III,43,30,55,40,65,97,330,FALSE,FALSE
371,Bagon,Dragon,NA,III,45,75,60,40,30,50,300,FALSE,FALSE
372,Shelgon,Dragon,NA,III,65,95,100,60,50,50,420,FALSE,FALSE
373,Salamence,Dragon,Flying,III,95,135,80,110,80,100,600,FALSE,FALSE
374,Beldum,Steel,Psychic,III,40,55,80,35,60,30,300,FALSE,FALSE
375,Metang,Steel,Psychic,III,60,75,100,55,80,50,420,FALSE,FALSE
376,Metagross,Steel,Psychic,III,80,135,130,95,90,70,600,FALSE,FALSE
377,Regirock,Rock,NA,III,80,100,200,50,100,50,580,TRUE,FALSE
378,Regice,Ice,NA,III,80,50,100,100,200,50,580,TRUE,FALSE
379,Registeel,Steel,NA,III,80,75,150,75,150,50,580,TRUE,FALSE
380,Latias,Dragon,Psychic,III,80,80,90,110,130,110,600,TRUE,FALSE
381,Latios,Dragon,Psychic,III,80,90,80,130,110,110,600,TRUE,FALSE
382,Kyogre,Water,NA,III,100,100,90,150,140,90,670,TRUE,FALSE
383,Groudon,Ground,NA,III,100,150,140,100,90,90,670,TRUE,FALSE
384,Rayquaza,Dragon,Flying,III,105,150,90,150,90,95,680,TRUE,FALSE
385,Jirachi,Steel,Psychic,III,100,100,100,100,100,100,600,FALSE,TRUE
386,Deoxys-Normal,Psychic,NA,III,50,150,50,150,50,150,600,FALSE,TRUE
